filename,patch_no
MOD021KM.A2006011.1435.061.2017260224818.hdf,80
MOD021KM.A2002280.1900.061.2017182182901.hdf,0
MOD021KM.A2002135.0615.061.2017181144843.hdf,92
MOD021KM.A2006143.0230.061.2017194223145.hdf,0
MOD021KM.A2002149.0455.061.2017181155144.hdf,18
MOD021KM.A2007120.1455.061.2017248153838.hdf,0
MOD021KM.A2017110.2255.061.2017314043402.hdf,63
MOD021KM.A2017303.1525.061.2017304012556.hdf,33
MOD021KM.A2017240.0830.061.2017317014141.hdf,80
MOD021KM.A2011203.1800.061.2017325065655.hdf,29
